[
    {
        "gameId":1001,
        "gameName":"Shooting",
        "photo":"shooting.png",
        "gamePrice":105
    },
    {
        "gameId":1002,
        "gameName":"Angry Bird",
        "photo":"angrybird.png",
        "gamePrice":95
    },
    {
        "gameId":1003,
        "gameName":"Temple Run",
        "photo":"templerun.png",
        "gamePrice":200
    },
    {
        "gameId":1004,
        "gameName":"Bike Race",
        "photo":"bike.png",
        "gamePrice":90
    }
]